{
    "Linear_Regression": {
        "Range": {
            "RMSE": 11371.70447769489,
            "MAE": 8663.184416184657,
            "R2": 0.7657176976742492
        },
        "Max_Height": {
            "RMSE": 4350.237108923656,
            "MAE": 3335.059292968049,
            "R2": 0.8384978676505054
        }
    },
    "Random_Forest": {
        "Range": {
            "RMSE": 2475.1874130433525,
            "MAE": 1659.1460279916885,
            "R2": 0.9889004715395515
        },
        "Max_Height": {
            "RMSE": 876.5879617756608,
            "MAE": 530.9845212713474,
            "R2": 0.9934424228670178
        }
    }
}